{
    "What_are_the_most_used_build_tools?": {
        "webpack": 0,
        "cmake": 5,
        "gradle": 8,
        "gradlew": 35,
        "mvn": 154,
        "ant": 12,
        "maven": 55,
        "msbuild": 1,
        "make": 76,
        "sbt": 16,
        "hudson": 8
    },
    "Various_statistics_of_timeouts": {
        "standard_deviation": 20.66507955030691,
        "average_timeout": 16.675,
        "percentage_files_with_timeout": 4.662004662004662
    },
    "Do_files_with_parallel_blocks_have_more_stages?": {
        "average_number_of_stages_per_file_containing_parallel_block": 4.157894736842105,
        "average_number_of_stages_per_file": 3.015169194865811,
        "average_number_of_stages_per_file_without_parallel_block": 2.9039692701664532
    },
    "What_are_the_most(least)_frequent_post_condition_blocks?": {
        "always": 113,
        "success": 98,
        "failure": 143,
        "unstable": 33,
        "changed": 22,
        "aborted": 16
    },
    "Correlation_of_num_triggers_to_avg_num_of_stages": {
        "1": 4.235294117647059,
        "3": 5.0,
        "2": 5.285714285714286,
        "5": 9.0
    },
    "Do_different_post_blocks_indicate_more_stages?": {
        "success": {
            "4": 1.2,
            "10": 2.0,
            "3": 1.5,
            "6": 3.3333333333333335,
            "7": 1.2,
            "2": 1.75,
            "5": 2.875,
            "8": 1.0,
            "18": 1.0,
            "9": 1.5,
            "1": 3.0
        },
        "always": {
            "4": 1.2666666666666666,
            "2": 1.1333333333333333,
            "1": 1.3,
            "10": 2.0,
            "7": 1.0,
            "3": 1.0,
            "5": 1.0,
            "6": 2.3333333333333335,
            "8": 1.0,
            "9": 1.0
        },
        "failure": {
            "4": 1.6666666666666667,
            "10": 10.0,
            "3": 1.4761904761904763,
            "6": 3.75,
            "8": 2.6666666666666665,
            "7": 2.0,
            "5": 3.125,
            "2": 1.8181818181818181,
            "0": 1.0,
            "1": 1.6
        },
        "unstable": {
            "0": 1.0,
            "4": 1.0,
            "7": 1.0,
            "5": 3.6666666666666665,
            "1": 2.5,
            "2": 2.0,
            "3": 1.5,
            "8": 1.0,
            "6": 4.0
        }
    }
}